id,label
1.05E+18,-1
1.05E+18,1
1046649975612928000,1
1046650365712769026,2
1046651070339010560,2
1046654107031949312,1
1046654228649988096,-1
1046656648742240257,-1
1046656988485177344,1
1046658028701798400,-1
1046658422937190400,0
1046658741712670723,3
1046660662716485632,-1
1046660989851226115,2
1046661354768281600,3
1046662193645785088,2
1046662659196813313,2
1046663506441973761,3
1046664521463422976,0
1046664609548193792,-1
1046666455062859776,3
1046666597656670208,3
1046669307172851712,2
1046670733236207616,1
1046673040086642688,-1
1046674130618253313,2
1046675409901740033,1
1046677511223070720,2
1046678647875108864,3
1046679100885270529,3
1046679813895811072,2
1046680304650457088,2
1046681562912366592,-1
1046682724738764800,-1
1046683920136368128,2
1046685232924172288,2
1046689414657716224,0
1046692216461303809,1
1046695764846669824,3
1046696968624295936,0
1046699594233663488,2
1046700252735180800,1
1046701779466031105,0
1046702245033725952,2
1046703541069451264,0
1046704174438612992,2
1046706510636748802,-1
1046706812630781952,0
1046707320141623296,2
1046708582648074240,2
1046708918179835904,2
1046710793046233088,2
1046710985954754561,2
1046713313802027009,1
1046716199483191296,3
1046716707006554112,2
1046716719572692992,3
1046717445199855616,0
1046717789136769024,2
1046718011447676928,2
1046719194211987456,3
1046719529756315648,3
1046719768840032258,-1
1046719823361781761,2
1046722415437303808,-1
1046722872608206848,2
1046724068010065921,1
1046724080580390912,2
1046726471337869313,0
1046727486359425026,3
1046729101183135744,2
1046729113757786112,-1
1046730279770099713,-1
1046731303188541441,-1
1046731659675136001,2
1046731697440485377,2
1046732997670694912,2
1046736004999196672,-1
1046737376540790784,1
1046737879840563202,3
1046738454481129473,1
1046739024881356801,0
1046739050055364608,3
1046740341901090816,-1
1046744318118105088,-1
1046745383446228992,3
1046746062915096576,1
1046746247468650497,0
1046748319459028998,2
1046750911551352832,2
1046751226128257024,2
1046752069166788609,2
1046752253745549321,-1
1046752287262105600,0
1046752949962244097,2
1046755835668574209,2
1046756003436539904,2
1046756238309167106,2
1046757253351714821,1
1046758012491374593,2
1046758150924365824,0
1046759434389729281,-1
1046759971260690432,2
1046761053391126528,2
1046761674122788864,2
1046761820914995200,1
1046761879643856896,0
1046763951621644288,0
1046764190709383168,2
1046764262025236481,3
1046766174632103936,-1
1046766866700685312,2
1046766975735590913,-1
1046767428733030400,0
1046767428733030400,0
1046768527636668416,2
1046769253230292997,-1
1046770041755226113,1
1046770847082532864,3
1046771648182046729,1
1046771769808424960,0
1046772835157327875,1
1046772898072006657,2
1046773623724408833,-1
1046773682440409088,-1
1046775582464372736,0
1046776060577296384,0
1046776484206202882,3
1046777973217665030,1
1046778006759387137,2
1046778640095014913,0
1046780938590478338,2
1046781139904487424,2
1046781215385112576,-1
1046782071040032768,0
1046783580976926720,-1
1046783580976926720,-1
1046783966865477632,1
1046783971068137478,2
1046784033978548225,2
1046784117843595265,2
1046785657161568256,1
1046787540425035776,1
1046788123429146624,3
1046789243283140608,2
1046789608208584704,1
1046789767575339008,2
1046790270917005313,1
1046791130711449605,2
1046792200279871489,2
1046792728745574401,0
1046792833624158208,1
1046793953478107138,1
1046794012206804994,1
1046794444232708102,2
1046794570053369856,2
1046795652179668993,2
1046795945780875264,1
1046795983538065408,2
1046796071618404353,2
1046797011146747906,-1
1046797216671645696,1
1046797732571205633,3
1046797761910329344,1
1046798290401005568,2
1046798701463662593,-1
1046800555321053185,1
1046801272551161865,-1
1046801733928796160,2
1046802082077057029,0
1046802342107123713,2
1046803529099366401,1
1046803625559887872,2
1046804577687887872,2
1046805181667536896,2
1046805282326761472,0
1046806901319553024,0
1046807471732523008,2
1046807480121090049,-1
1046808432249110528,0
1046809510189436928,0
1046810239968800768,2
1046811355674791937,1
1046811385022300161,2
1046811456308576256,-1
1046812316157792256,0
1046812521682931713,1
1046812974663401472,1
1046813255690342401,2
1046813364738039808,2
1046813964519133184,1
1046814824347271175,-1
1046815998739992577,-1
1046817047324348416,2
1046817248659353604,2
1046817919768772608,-1
1046818192360759297,-1
1046820717340319745,0
1046823405901815809,3
1046823875663794176,1
1046824353818664960,0
1046825662428766211,0
1046825758923128832,-1
1046826945881759745,3
1046827075922014208,1
1046829655410528256,-1
1046830938863390720,-1
1046831375058395142,0
1046831874209910784,2
1046832390080016385,-1
1046832541095907328,2
1046835506464612356,3
1046835523229179904,2
1046835586152185856,-1
1046837372942344192,0
1046838157252157442,-1
1046839386204123136,3
1046839461714092032,0
1046839881123676160,-1
1046839960836423680,2
1046840803870613505,-1
1046840803870613505,-1
1046841147790888960,-1
1046841902786629634,0
1046844742313623553,1
1046845933521113090,-1
1046846441031913472,0
1046847552509935617,1
1046847716100333569,-1
1046847753848934400,-1
1046848290711572480,2
1046848378766807040,-1
1046848454301966341,2
1046848844338728961,1
1046849423169540097,2
1046849456715513856,2
1046849687414816772,-1
1046849876141780993,1
1046851260262109184,-1
1046855005788090368,-1
1046855274227687426,2
1046855425210179584,-1
1046856758994657282,3
1046856993875603456,1
1046858323482554369,1
1046858575136604161,1
1046858663225319429,2
1046858696775618560,-1
1046859560802226176,2
1046860097652236289,-1
1046860135426142208,1
1046860286416773121,-1
1046860902971002880,2
1046861087545729027,0
1046861330806919168,1
1046861850883895297,2
1046862538736992256,2
1046862979159838720,2
1046864573012238343,2
1046864585578418187,2
1046864933714051073,-1
1046865151809544192,0
1046865311193018368,-1
1046865793554640897,1
1046866573678469120,0
1046866607237206016,-1
1046866791799119874,2
1046866812741144577,0
1046867425134874624,0
1046867580328251392,3
1046869874599968768,0
1046870252078997508,-1
1046870835104026625,-1
1046871262893506560,-1
1046871359362666496,-1
1046874500900499458,0
1046874517669318657,-1
1046875855690051584,1
1046878271604953094,2
1046880276465373185,-1
1046881312458661888,2
1046882675590492160,-1
1046884948924350468,-1
1046885146069061632,2
1046885787797663744,-1
1046886702139285504,2
1046888627333033984,2
1046890867104067585,3
1046890955163521024,2
1046891924039356417,2
1046893509515653121,-1
1046893593376567297,2
1046894176372240385,-1
1046894331590656000,-1
1046894352570691584,-1
1046894394475855872,-1
1046896483272802305,2
1046896692954636289,-1
1046898085467688962,2
1046898735597477890,-1
1046898806904762368,-1
1046899066934767616,1
1046899356337618945,0
1046900820162170880,2
1046901298308812801,0
1046902401435934720,2
1046903278028636160,2
1046903357741379586,3
1046904108492312576,2
1046905098339848192,0
1046907174549688320,-1
1046907744949813248,-1
1046908046952271872,-1
1046910139926761472,1
1046910290904920065,2
1046910316062355456,2
1046910676793470976,2
1046910706157641728,2
1046910727100030978,2
1046910790014570496,2
1046911079455100928,0
1046911796676911104,1
1046912799090315270,-1
1046914107713179649,1
1046914321647833088,2
1046914980140875776,2
1046915793827631110,2
1046915793827631110,2
1046916121004257280,-1
1046916271974076416,0
1046916410390327301,3
1046916699793121285,0
1046917039531708416,2
1046917429614522369,2
1046917484132098048,2
1046917588985499649,2
1046919791007666180,0
1046921414215753728,2
1046921569388253189,2
1046921657473032198,0
1046921795876478977,0
1046921946858962944,0
1046922404042280960,2
1046922609571459072,2
1046924153062871040,1
1046924354410504192,1
1046924694144868352,-1
1046926917130018817,2
1046927332366344193,-1
1046927374313508864,2
1046927714035195904,2
1046927890196107264,2
1046929404356694021,2
1046930100606906375,-1
1046930654255095809,2
1046930742318649344,-1
1046931090441560064,-1
1046931304363769857,0
1046931514095747077,2
1046931816064663553,-1
1046933103715999744,2
1046933300848164864,3
1046933837744345088,0
1046935012149473281,0
1046935188293468163,2
1046935750330081281,2
1046935779686141952,0
1046935817460101123,-1
1046936333359493120,3
1046936383686770688,2
1046937780390178817,2
1046938032052604928,-1
1046938405332901888,2
1046939399366369280,1
1046940422768119815,0
1046940557002649602,2
1046942138255196161,1
1046942196979589120,-1
1046942549297045504,2
1046943262320336896,1
1046943618836062208,1
1046943883089698817,2
1046945271400341504,2
1046945271408676864,-1
1046945351096311808,0
1046945950894252032,-1
1046946127046533120,-1
1046946357745995781,-1
1046947578267492352,2
1046949402806501376,0
1046949897713270784,-1
1046950073874243586,0
1046950338140360704,-1
1046950371690721280,0
1046950979831304193,-1
1046951126661312514,0
1046951571265703938,-1
1046951848052232192,-1
1046952326211231744,2
1046952435267330049,2
1046953232176701440,0
1046953383167496192,0
1046954637293760513,0
1046954830235885568,0
1046954888935010304,1
1046954964457852933,2
1046955316754165760,-1
1046955492931772419,-1
1046955870419079170,1
1046956117870489600,-1
1046956205959262208,1
1046956629596524544,-1
1046957590087905282,2
1046957724305711104,0
1046957803963912193,-1
1046957837530882048,2
1046958328268697601,-1
1046958550575190016,-1
1046958558938566658,-1
1046960572233912320,3
1046960643537088512,3
1046961738246234112,-1
1046961872442814464,-1
1046962468059271168,0
1046962572900089856,-1
1046962606450327554,-1
1046962866522378243,1
1046963206240047107,0
1046963738916638721,1
1046963831187152896,0
1046964779129233408,1
1046965169195298816,0
1046965651519225856,0
1046965827671609344,0
1046966377129680897,2
1046966662346477568,1
1046967794808631296,0
1046968159733989376,0
1046969329940668416,2
1046969904551858178,0
1046969925540175873,0
1046970256869249024,-1
1046970323982274561,2
1046970684671447041,0
1046970890225881088,0
1046970902783713285,0
1046970927962120194,1
1046971099924353024,2
1046971196410122240,1
1046971775194677248,3
1046973050275680256,0
1046973528422146048,0
1046974526683275264,1
1046975805916688387,2
1046976565110853633,0
1046978108606337025,0
1046978259622203394,1
1046978813245186049,-1
1046979312379936769,-1
1046979413034844160,-1
1046979635328815104,0
1046979878606856192,1
1046982663612043266,2
1046983229838958593,2
1046983519279468544,-1
1046984890808455169,1
1046985347975041024,1
1046985939376062465,1
1046987558356496386,0
1046987579348979713,0
1046988174952685570,3
1046988283983613953,-1
1046989642938114048,2
1046989756201086976,0
1046990448261312512,-1
1046990645376749568,0
1046990838339919882,0
1046992411203907584,2
1046992583170371590,0
1046993761753096197,1
1046994059561226240,3
1046994533488168961,0
1046994818705055744,2
1046994999060107264,2
1046995233962151936,0
1046995397544226816,1
1046996001519751168,2
1046996207019708417,2
1046997226260697088,3
1046997943478312960,1
1046999029815697409,2
1047000447481974791,0
1047002083235377152,-1
1047002133575454722,2
1047002401998299136,1
1047011520436219904,1
1047011583333945344,2
1047012120230019073,2
1047012271204065281,1
1047012304758411265,2
1047014041225502720,2
1047014292887916545,-1
1047015240762834944,1
1047019460266266625,-1
1047022228485918726,0
1047022480148324352,0
1047023096711065601,2
1047024560531488768,-1
1047025013495402496,0
1047027152590442496,0
1047027488138964992,3
1047032164800520193,2
1047033758636027904,0
1047036505909288960,-1
1047036950509735937,0
1047037713881419776,2
1047038192023670785,-1
1047039064422199296,1
1047041576822853632,-1
1047043070007660545,1
1047043804002430981,2
1047048015079518214,2
1047049046890819584,0
1047049382435131399,-1
1047052175808049152,-1
1047053325076783105,0
1047059876579553280,-1
1047059922683334656,3
1047066570663575555,2
1047068386801389568,-1
1047068906903486464,2
1047068944652296192,0
1047070924342738944,2
1047071272499392512,3
1047072715348353024,2
1047074023945977856,-1
1047076146251292674,2
1047076393715163136,2
1047076666378342400,3
1047077287122882560,0
1047077652039905280,-1
1047080307021627393,-1
1047080525112971266,0
1047080525112971266,0
1047080810355052544,-1
1047083784083054592,1
1047084442605555714,0
1047085025626415105,1
1047085042374201346,0
1047086405539778560,0
1047086455884013569,0
1047087470876213248,0
1047087697381285888,1
1047087869351907329,2
1047088301381947392,3
1047090339813707778,2
1047092843809001472,0
1047093191923699712,2
1047095138084900867,0
1047095310042812417,2
1047097801446969345,0
1047098292209881088,2
1047100141868593152,-1
1047100406139162625,0
1047101253367386112,1
1047102184502902784,2
1047102956250763264,-1
1047103929337753601,0
1047104663336542208,2
1047104705300717568,0
1047105590290460672,1
1047106626279415809,-1
1047108454991769600,-1
1047108538890375169,1
1047108559849148416,2
1047108710865227776,3
1047109176424640512,3
1047109709088641024,0
1047109813946208256,0
1047110866712309760,3
1047110925432623105,1
1047113660118618112,2
1047113899181527043,-1
1047114020816392194,0
1047114226337271809,2
1047115547563954177,2
1047115820176793600,2
1047115849566474241,0
1047117338540236800,-1
1047117548234452992,0
1047117627921973248,0
1047118265473011715,1
1047118617790361601,0
1047118655526440961,0
1047120815588818944,-1
1047120903673393154,0
1047121738365132800,0
1047123617392332800,0
1047124573685198849,0
1047124888287358981,0
1047126243030814720,-1
1047126293366624259,2
1047126347888259073,0
1047126595339603968,2
1047126897346433024,0
1047127409064140800,2
1047128054986944512,0
1047128436672778245,0
1047128705108193280,2
1047128931588087808,1
1047129166485671936,3
1047129204217798656,0
1047129246144061441,0
1047129799821545472,1
1047130592536682502,0
1047130676414169088,0
1047131372681383937,0
1047131943110873089,3
1047131980826140672,1
1047132152800993282,2
1047132194764935168,2
1047132400277446656,-1
1047132962314162176,2
1047133071349374976,2
1047133952174166016,0
1047134124123852805,0
1047134145103585280,0
1047134149289684992,2
1047134614882570240,2
1047134958819717121,-1
1047134958819717121,-1
1047135294347194369,0
1047135663454392321,0
1047135818626691072,-1
1047136288376274944,0
1047136732985135104,2
1047136821052936192,2
1047137181775597568,0
1047137236293173250,0
1047137328584695808,1
1047137685100515329,2
1047137894819745792,0
1047138515555930113,2
1047138544945442816,3
1047138599475601408,2
1047138649781878784,0
1047138817570889728,2
1047139270534811648,2
1047139459270152199,2
1047139538999676928,2
1047139765487849472,0
1047139975169527808,-1
1047141468341714951,-1
1047141929744523264,0
1047142458226880512,-1
1047142613390778368,2
1047143225767735298,0
1047143913654558720,1
1047143955563995137,2
1047144182073253888,1
1047144391788380160,0
1047144635049623553,-1
1047144714770812929,2
1047144987371167744,0
1047145046087208960,1
1047145683654983685,2
1047145801074393088,3
1047146107266990081,0
1047146212107927552,2
1047146358929543168,2
1047146811885064193,2
1047146879031500802,0
1047148036626030592,0
1047148380575674368,1
1047148917446643712,0
1047149324306649089,0
1047149949224439808,0
1047150637128044549,2
1047151043945975808,2
1047151610177105920,0
1047151614363164672,2
1047152579065602048,0
1047152704911544322,0
1047153187239546880,0
1047153443109044224,1
1047153497634816000,2
1047153833166692352,2
1047154143532597248,2
1047154441324048384,0
1047154609096208386,0
1047154890127151105,-1
1047154948868210688,0
1047154953033277440,2
1047155368290267136,0
1047155393430999040,0
1047155682871468038,0
1047155905161256960,2
1047156400084934656,-1
1047156483954298882,0
1047156559472726016,1
1047156601394626560,0
1047156685305995264,2
1047156882408800256,0
1047157066975105029,0
1047157268288950272,-1
1047157704492339201,0
1047157826165100544,0
1047158530774589446,0
1047159327721541632,0
1047159831008821248,0
1047160363719041030,1
1047160388851322880,0
1047160426595643393,0
1047160552454275072,0
1047160976049688578,2
1047161164822663169,-1
1047161273845211137,0
1047161533925482496,2
1047161777174335489,0
1047162280511774721,0
1047162460866838529,2
1047162532157431809,0
1047162825754521600,1
1047163870127697920,2
1047164830631821312,-1
1047165380089843713,-1
1047165489133363200,2
1047165489137549313,0
1047166520940552192,0
1047166780970389505,2
1047166831327432705,2
1047167724692992000,1
1047167829580177410,0
1047168286725754881,0
1047168626472542208,2
1047168748124131328,2
1047168764909965316,3
1047169410824327168,2
1047170639763857411,-1
1047170719451414528,-1
1047171134670553088,-1
1047171176626364418,2
1047171268888412165,0
1047172380362199040,0
1047173298948333570,0
1047173407996096513,2
1047173437360394240,-1
1047175396087791618,0
1047175706449518592,0
1047175882606108677,0
1047176209774387203,2
1047176692140269570,1
1047177447115034624,-1
1047177476445822976,0
1047177660991004673,0
1047178076260429824,-1
1047178705381072896,0
1047179384887660545,0
1047179607168839680,0
1047179766544130049,1
1047179904981372928,1
1047179963676459009,-1
1047180148234174465,2
1047180236318810113,0
1047181171627646976,0
1047181410719748096,0
1047182127924727811,3
1047182362843521024,-1
1047182476072955905,0
1047182669014917121,-1
1047182903870930944,-1
1047182979381035009,0
1047183335884279809,1
1047183663077584896,0
1047183679842336768,0
1047184397055811585,1
1047184694872367104,2
1047184757765935105,0
1047185353348661248,-1
1047185839908896768,-1
1047185978325131265,0
1047186020276625408,0
1047186250946551809,0
1047186343225438208,-1
1047186343225438208,-1
1047186674587975680,-1
1047186771044327424,1
1047186854926274561,2
1047187219847557121,2
1047187400194187264,0
1047187408565878785,-1
1047187559573606401,-1
1047188452956164096,0
1047188637522251777,2
1047188792673796098,1
1047188889159397376,0
1047189052737302528,0
1047189161776697346,2
1047189577029574656,3
1047189711234715650,2
1047190063568887810,1
1047190130677731329,2
1047190541706973186,-1
1047190743045918720,0
1047191082788896769,0
1047191334459727872,1
1047192131348156416,0
1047192257202454530,-1
1047192483686436864,0
1047192487876550657,2
1047192546605260800,-1
1047192559171321856,0
1047192651471212544,-1
1047192949237448704,1
1047193213487001600,0
1047193595168604161,-1
1047194186578124802,0
1047194597628239872,3
1047194777953980416,1
1047195696502329345,1
1047195788789596160,-1
1047196522805428224,0
1047196820609425408,2
1047197260981972993,0
1047197319727407104,2
1047197370037886977,1
1047197630097510400,3
1047197818832785410,0
1047198066292531201,0
1047198087272390657,0
1047199613986324480,0
1047199714666401792,2
1047200045999611905,2
1047200415123689474,0
1047200448652955649,-1
1047200780011298822,0
1047200884885807110,0
1047200926807855105,-1
1047200956188938240,2
1047201023281061889,1
1047201161701294080,0
1047201488848769024,2
1047201967020417024,0
1047202239616626690,-1
1047202814236061696,2
1047203925752012800,0
1047204588431007744,2
1047204684895641600,2
1047205100161327104,0
1047205125318561792,-1
1047206509430677504,2
1047207130183487490,0
1047207142770597889,0
1047207398631493632,2
1047207625119678464,-1
1047207864186691589,0
1047208229111980032,0
1047208690456186880,0
1047208925332983808,2
1047209076365688832,0
1047209088923230208,-1
1047209139276062722,0
1047209260885708801,2
1047210053621698560,0
1047210166867959808,0
1047210640824262658,0
1047210863109836800,2
1047211236419616770,1
1047211953620496385,1
1047212175952158725,0
1047212595382505473,2
1047213023172149248,0
1047213430028029952,-1
1047213551688007682,0
1047213807519457280,0
1047214461831041029,1
1047214822562177029,2
1047215082571223041,1
1047215313274564614,-1
1047215627830792193,1
1047216055679168516,0
1047216168912805888,2
1047216324102017026,0
1047216428951199744,0
1047216630298755073,0
1047216680609492992,-1
1047218073130823680,1
1047218547099807745,2
1047218677127532544,-1
1047218828097327105,3
1047218903590481920,2
1047219209766354944,2
1047219536922140677,1
1047219692140552192,1
1047219796973178880,2
1047220275136401409,0
1047221134985482240,0
1047221629888212992,2
1047221780899946497,2
1047222242273349633,2
1047223014037880833,1
1047223479580471297,-1
1047224221967904768,0
1047224763049959424,0
1047225136317943808,-1
1047225224436076544,-1
1047225589315383296,0
1047225706759868416,0
1047226088454332419,3
1047227145402167296,-1
1047227153790558208,0
1047227623565344770,0
1047227871025160192,0
1047227942345101312,3
1047228395329937408,0
1047229867526443009,0
1047230001735749633,-1
1047230207248228352,0
1047230375007666181,-1
1047230907697049600,0
1047231666853429248,0
1047232530896773120,0
1047232715425165318,2
1047232786736791553,0
1047232820287037440,2
1047232845473886209,2
1047233252308729857,0
1047233772402495488,2
1047234569336967168,0
1047234640619159552,2
1047234833578164224,2
1047235244590555136,-1
1047236003768012802,2
1047236033128095744,2
1047238251944132611,1
1047238289655308289,-1
1047238960764731392,1
1047239032068038656,0
1047239820613967872,-1
1047240185518460928,0
1047241645132066816,0
1047242114868948994,0
1047242903397908480,0
1047243478047109120,0
1047243662592303106,0
1047244149114765312,0
1047244212016697344,2
1047244463691747328,-1
1047244673423761408,3
1047245210277883904,0
1047245399038164992,0
1047245612943458304,2
1047246837672026112,0
1047247785572098049,2
1047247991088668672,-1
1047248217602240512,0
1047248628631396352,2
1047250096629469184,0
1047251241682780167,0
1047251350717968389,-1
1047251661129826304,0
1047251778549559299,1
1047251967293022208,2
1047252483192569856,0
1047253254961225728,0
1047253569512992768,-1
1047253598873296896,-1
1047253737314639872,0
1047254286760071168,0
1047254349662097408,0
1047254408398925829,2
1047255117236453376,-1
1047255486322507776,1
1047255863801663489,0
1047255998044491777,-1
1047256287438934017,0
1047256476161462274,-1
1047256719431294976,-1
1047257294080073728,-1
1047257822533173249,0
1047257923217477632,2
1047258065823850496,-1
1047258124535574528,2
1047258258757623815,2
1047258367813718016,2
1047258485262450688,0
1047258728532205568,2
1047258866910515200,2
1047259315734761473,-1
1047259819038654464,1
1047260364315025409,1
1047260448175915009,0
1047260741781221376,0
1047261157021638656,0
1047261198956285954,-1
1047261207370063872,-1
1047262121694810112,0
1047262679558246400,0
1047262784390672384,1
1047262855718789120,3
1047264030123945985,0
1047264181114884096,2
1047265225504743424,-1
1047265481361637376,2
1047265577797144576,2
1047265737193095168,0
1047266198558298114,2
1047267075192967169,0
1047267838527000577,-1
1047268153120755713,0
1047268299908608001,0
1047268442519289856,0
1047268903892574208,-1
1047269382043389953,0
1047269910512975872,0
1047270027957690368,0
1047270187345567744,0
1047270556435972098,0
1047270594218217472,0
1047270602611019776,0
1047270883591479296,0
1047270912977002497,0
1047271097530507264,0
1047271516944121856,2
1047272192239706113,2
1047272376784883712,2
1047272590711181312,-1
1047272930428772352,-1
1047273094006489088,0
1047273131738648576,1
1047273341457813504,0
1047273911916879873,-1
1047274406823821312,1
1047274876606676992,0
1047275988093231104,1
1047276415903617024,0
1047276705298038785,0
1047276877277224960,0
1047278043302187009,0
1047278156519002113,1
1047278957656256512,-1
1047278978598232064,0
1047279620351963141,0
1047279670671101952,1
1047279708424081408,2
1047279989429657601,0
1047280308196986880,-1
1047280320779837440,1
1047280991885320192,-1
1047281147053572096,2
1047281419704307714,1
1047281918809714688,0
1047282115941978112,-1
1047282225002106881,2
1047282401150476288,1
1047283240011280384,0
1047284708030144512,0
1047285815330652160,0
1047285991487299584,0
1047286339610316800,1
1047286486419353600,-1
1047286792620191745,-1
1047287639852945410,1
1047288025724723200,0
1047288059278983169,2
1047288600344367104,0
1047289674102968320,1
1047289711822139392,2
1047290068359139328,0
1047290479413481473,1
1047290907211522048,1
1047291221788557314,0
1047291234379694081,2
1047291406320951297,1
1047291624424972288,0
1047291775436689408,3
1047292123551342592,1
1047292761114726400,-1
1047293671278825472,0
1047293851633893376,-1
1047294250071732226,2
1047294522714198018,1
1047294724049186816,2
1047295114098483200,-1
1047295781001080832,0
1047296355633430528,0
1047298331117047810,0
1047298477947068416,0
1047298909935230978,-1
1047299086125289474,0
1047299400698146817,0
1047299883047120896,2
1047300050785914880,-1
1047300650604945408,3
1047302198290468864,3
1047302714198249473,0
1047304060574076928,1
1047304752634187776,-1
1047305151088926721,0
1047305771824734213,0
1047306182862544896,0
1047306468083388416,-1
1047308414236479488,2
1047308816876883968,2
1047309416675074049,-1
1047309878061092864,3
1047311266371567617,1
1047312776321032194,-1
1047313032177754113,1
1047313573246980097,-1
1047313854244540416,0
1047314160445542400,0
1047315024480534528,1
1047315028658085889,0
1047315590682214403,1
1047316559591555074,1
1047317339715391489,2
1047317440395456512,-1
1047317826246197248,0
1047317868210057216,0
1047318010816606209,2
1047318744819781633,-1
1047318941931110405,0
1047319051016527872,-1
1047319222974631937,0
1047319902447722498,-1
1047320741291671552,2
1047321328523653120,1
1047321454319214592,1
1047321886332522496,0
1047322565805572096,0
1047323438229147648,-1
1047324012861448192,0
1047324604266688518,0
1047325950621491200,0
1047326563014983681,-1
1047326625895989248,-1
1047327397656195073,2
1047329012484386816,2
1047329155078148096,3
1047329394132504576,2
1047329582896967680,2
1047329620633309185,0
1047329926834245633,0
1047330509829890049,2
1047330727929499650,0
1047330878928502785,-1
1047331654878998529,1
1047331755525586946,-1
1047334678980509697,-1
1047334951614464001,2
1047335291353088000,0
1047335551404105728,1
1047336352507879426,0
1047337803728805888,2
1047337921190215680,2
1047338302867755008,1
1047338835535904770,1
1047339141711581187,0
1047339376613773312,0
1047339867326349312,2
1047340123199885312,-1
1047340928485212160,0
1047341083670339584,1
1047341461145100289,3
1047343122118848512,-1
1047343315060895744,0
1047344535586689024,2
1047345085040513024,1
1047345529653526529,-1
1047346615978086400,-1
1047347295459692544,2
1047348121737388032,2
1047349249980203008,2
1047349434554564609,2
1047349728139268096,0
1047351191959736320,3
1047352437642674177,1
1047353549137444864,-1
1047353834346045441,2
1047354807437197312,-1
1047355491100188672,2
1047355575015624704,0
1047355625326477312,-1
1047355868604379136,0
1047356715845349377,0
1047359786080264192,-1
1047359857370832896,2
1047361182766526464,0
1047363963615363072,2
1047365037344657410,-1
1047375137211699200,2
1047377259542265856,-1
1047378295531028480,1
1047378471700324352,0
1047379511879323648,1
1047380384286232577,3
1047383555217809408,-1
1047384993826189312,2
1047386625439879168,0
1047388550625259522,0
1047388722579173376,3
1047390433863782406,2
1047391604082790400,2
1047393462134460416,2
1047396133914513408,-1
1047397232822177792,2
1047397903910748160,2
1047398507894792192,2
1047399069923119104,2
1047402404398948352,0
1047403406837469184,0
1047403650094653440,2
1047404577060876290,2
1047405927631147008,1
1047405940218183680,2
1047410289690517504,3
1047410683946647552,2
1047412495898607616,2
1047413708065054722,1
1047414077167951873,0
1047414471424184320,-1
1047415817783140352,2
1047416044283990017,2
1047417147364990977,0
1047423111669452801,-1
1047423875057963009,0
1047426521667960838,1
1047426857195491328,2
1047427104651010048,0
1047427205301723136,-1
1047429071771189249,1
1047429608650543105,0
1047430875334565888,2
1047431802267340800,-1
1047433349986304000,2
1047435300321075200,3
1047441080063418368,2
1047443412117598208,3
1047444099996024833,2
1047444913674248192,-1
1047445156956389376,0
1047445165319880705,2
1047446268438597632,2
1047446742394798082,2
1047447220554031105,-1
1047447325394817026,0
1047448780814131200,3
1047450735384952832,2
1047451402254082048,2
1047452836722888704,2
1047452975143247872,-1
1047453767858360320,2
1047453860137242624,2
1047454736746725377,-1
1047455126791716866,2
1047455533630967808,-1
1047456276052135938,-1
1047456783567126528,-1
1047457752451375104,0
1047458352232640514,-1
1047458859743412224,2
1047460130625916928,2
1047460130625916928,2
1047460298372911105,2
1047461493762088960,0
1047462844323844099,-1
1047463364417523712,2
1047464614328381442,2
1047465277019979776,-1
1047467856512790528,-1
1047467948800180224,0
1047468330469212161,2
1047469832025853952,-1
1047470704466321408,2
1047470784137101312,0
1047472050800082944,3
1047472860321726464,0
1047472994556104704,-1
1047473204237750272,2
1047473959216668672,2
1047473984374276096,2
1047474441578577920,0
1047476308039667714,0
1047477830559444997,-1
1047478333892702209,1
1047478564554264576,0
1047479491512229888,-1
1047479915120119810,2
1047479994837078018,0
1047480166786711553,2
1047480414250717184,-1
1047480938551074816,2
1047481139869470720,-1
1047481165060354048,2
1047483404789436416,2
1047485040563818496,1
1047485497751289856,-1
1047485728442277889,2
1047488060466876416,-1
1047489008379428864,2
1047489956304830467,-1
1047490174421098496,2
1047490405112205312,2
1047492737136832513,-1
1047492758091583489,2
1047492858763247617,2
1047493647279767554,-1
1047494058325630978,2
1047494448412803074,2
1047494662318112768,2
1047494909790507011,2
1047495153039155203,-1
1047495174035656704,1
1047496105133572096,0
1047496105141919744,-1
1047497434753060864,2
1047499590633750528,-1
1047500593055588353,2
1047501096384643072,1
1047502698608779264,1
1047503050909388800,1
1047504565069914115,-1
1047505181619970050,2
1047505991116492800,2
1047506070804029440,2
1047506297300701184,2
1047506460891013128,0
1047506540591271936,-1
1047507538810474497,0
1047507945657982978,0
1047508004373901313,0
1047508671268368384,2
1047508880987570177,2
1047509770175959041,-1
1047510768428703744,2
1047512043492761600,0
1047512186107691009,-1
1047512383260971014,3
1047512567806144512,2
1047512693643649024,-1
1047513914165084161,2
1047514740451368960,2
1047515042432921601,0
1047515042445291522,0
1047515315062677505,-1
1047516346878255110,2
1047516967635173377,2
1047517311559782400,-1
1047517483505045505,2
1047517756164173824,-1
1047518045545984000,0
1047518217542029313,2
1047519702292094978,2
1047520067208937472,1
1047520142698143745,-1
1047520344020582400,-1
1047520847345459200,-1
1047521526839304192,2
1047521694599073792,2
1047522105653223424,0
1047522126616514560,0
1047522181134077955,2
1047522671871893504,0
1047523045177483264,2
1047523800152244224,0
1047523925972987904,-1
1047524055996424197,-1
1047524882253336576,-1
1047525201020432384,0
1047525381388025856,3
1047525624666107905,2
1047525784049606656,0
1047526497064349696,0
1047527520487333889,2
1047528690706501633,-1
1047530548791586823,3
1047531257612177408,-1
1047531458921811968,1
1047531463137083392,2
1047531509253648385,-1
1047531622524997633,-1
1047531857405992961,1
1047532360709750785,-1
1047532360709750785,-1
1047532675307900928,2
1047532700465283072,2
1047533728078213120,0
1047534583682617348,0
1047535758121340929,2
1047536261425192960,3
1047536303364034560,3
1047536534033977344,1
1047536584382402560,-1
1047536798283563009,-1
1047536995441037313,2
1047537813313474560,2
1047539214190108672,2
1047541298784165888,2
1047541470742372353,3
1047542611597283331,2
1047542787774861318,2
1047542850664185857,3
1047543114897006593,2
1047543282668990465,1
1047543429499166723,2
1047543660181639168,2
1047543723075284993,2
1047543723075284993,2
1047543848925192192,2
1047544016684953600,2
1047544943626076160,0
1047545694406553605,1
1047545946056417280,-1
1047546382268157957,-1
1047546520675921920,2
1047548869498871808,0
1047550371042713600,0
1047551629342494720,2
1047551633528426497,-1
1047551826462220289,0
1047552543700733952,-1
1047553877480890368,2
1047553915246563329,2
1047554456311795713,0
1047554473088962560,2
1047554682783068161,0
1047555215497547777,2
1047555374864371712,0
1047555693627301888,2
1047559028103106561,-1
1047559325915344896,2
1047560651298598912,1
1047560710002233344,0
1047561007810396161,-1
1047561574028914688,-1
1047563084003336193,-1
1047565457975336961,0
1047566745609916416,1
1047567676737040385,2
1047567773218603009,2
1047568217839874048,0
1047568431740903424,2
1047569564173828097,-1
1047569673255051265,2
1047571443234627584,0
1047571510339297281,3
1047571606824837120,1
1047571644552818688,1
1047572353402720257,1
1047573309704032256,1
1047573452293636098,2
1047573506844762113,2
1047573523609337858,0
1047573750122774528,2
1047574786099040257,-1
1047575524279836673,3
1047575859849297921,0
1047577051040010240,2
1047577327868284928,1
1047578128955138048,3
1047578716174516225,3
1047579227867033600,1
1047579412424740866,2
1047579647284842496,3
1047579919939788800,1
1047582503635247104,3
1047582969182003200,1
1047583472498266112,-1
1047583568971661320,0
1047584969890193408,0
1047585074718408713,0
1047585162828152835,-1
1047585175406825473,-1
1047586488224022532,1
1047586618243133440,0
1047587578726285317,2
1047587775841796100,1
1047588371441352709,2
1047589050931142656,-1
1047589180950421505,1
1047589617174831104,3
1047591093565644801,2
1047592305727852544,2
1047594264430084096,1
1047594843260825600,2
1047594922973511680,-1
1047596349032620032,2
1047597976405925889,0
1047599381480914950,2
1047599717063053320,2
1047600811742773248,-1
1047601839380656128,2
1047604007802261504,2
1047604955715174400,2
1047605693921067009,3
1047606008502276096,2
1047606767675473921,2
1047607354861215744,-1
1047607472318504967,2
1047607484901478400,0
1047610349594300417,2
1047611062651146240,-1
1047613021391147010,1
1047613264627163138,2
1047615055620001792,0
1047616662051192833,-1
1047616917865779201,0
1047617026921967616,2
1047617895163973632,2
1047618201331191808,2
1047618855651172352,-1
1047620554365329408,2
1047621015721795585,2
1047621980428668934,0
1047622001387495424,2
1047622496294453248,2
1047623234517123072,-1
1047623242893033472,3
1047625314900140032,2
1047625394579369984,2
1047626120194084867,3
1047627500099174400,-1
1047627793704648705,0
1047631572793360385,0
1047633338570362880,1
1047633745422049287,2
1047634949191262208,2
1047635720955973633,2
1047636735969173505,-1
1047638912833744896,-1
1047639294494437376,-1
1047639760058105856,2
1047641643287961600,0
1047641735575326720,1
1047641861417046016,0
1047643291649499136,-1
1047643476228288512,-1
1047646181545967617,-1
1047647431452758017,1
1047647456601804800,1
1047648068970139648,0
1047648761038721025,2
1047649914455511040,1
1047650740758429696,-1
1047652091303321601,2
1047652141651951617,1
1047654477887680518,-1
1047654956008919040,-1
1047655316748288000,0
1047655727769276418,0
1047656440805171200,0
1047656453400608770,2
1047656621164224512,-1
1047656814115020801,-1
1047656944138375168,0
1047657099314876416,3
1047658038822236160,2
1047658479253696512,0
1047658806413385729,0
1047658953210056704,2
1047661515933982721,0
1047662493202571266,-1
1047662879057596416,2
1047663898277679104,0
1047665081067229184,-1
1047665320159268865,1
1047665815095394305,1
1047667283097739270,1
1047667824167215104,2
1047668063208976390,0
1047669162154311680,3
1047669724186902528,-1
1047669808068739072,1
1047670261045186560,2
1047671305443729408,-1
1047671439657250816,3
1047673289328320513,3
1047673599698632704,1
1047674472122052608,0
1047675365521543169,2
1047676175013691392,-1
1047677173241434113,1
1047677429118988288,1
1047678003742830592,1
1047678121149911041,3
1047681208165883904,-1
1047681707317456896,-1
1047683301144715264,-1
1047685666728038400,-1
1047687042438746112,2
1047687461877342208,-1
1047688128784474112,1
1047689626134216704,0
1047693317113356289,2
1047693744953278464,0
1047694181156757505,1
1047695569458745344,-1
1047695963723386880,2
1047696085379141632,3
1047696639014592513,0
1047697586952556544,-1
1047698295768932352,1
1047699881211715585,2
1047701223401574401,-1
1047703135979036672,1
1047703291184992256,1
1047703941297913856,2
1047704503359823872,1
1047705770022727680,0
1047706856326619137,0
1047706961192660993,2
1047708794099097601,1
1047708991244197894,-1
1047710249526992896,0
1047710455064670208,-1
1047711834999062529,0
1047714120898936832,3
1047718059316666368,1
1047718206125867008,1
1047719376336703488,2
1047719674136293376,0
1047720034863333376,0
1047720731100950528,0
1047721590916567040,3
1047722769528619009,-1
1047724413695614976,-1
1047725026084933633,1
1047725076383129600,2
1047726426978508801,-1
1047737458001993728,1
1047739244758925313,2
1047740792478081024,3
1047745016112664576,3
1047745825642831873,0
1047746211514445824,2
1047747448825958400,2
1047749487232339968,1
1047749965382967296,1
1047753417328926720,0
1047761109678247936,2
1047763139708604416,2
1047763756254724097,1
1047763869517697025,2
1047764809033437184,2
1047766574839603205,1
1047770974681219072,1
1047771087902261248,3
1047771196966809601,0
1047771419256520704,2
1047772874700980224,2
1047773176682438656,3
1047773998766022657,3
1047775806502522880,-1
1047777446496559104,1
1047778482477047808,2
1047780399261184000,-1
1047780613179236353,2
1047782609667932160,2
1047782819395788800,-1
1047785755400196097,2
1047788527839338503,3
1047788745955663872,0
1047790222329700352,1
1047791480633536512,2
1047791598044508160,-1
1047791719683706880,1
1047792894122192896,0
1047793602942914560,2
1047794848642883584,2
1047795557484310529,0
1047797017119010816,2
1047799223310270465,-1
1047800318006890497,2
1047802406791262210,-1
1047802587158855680,2
1047804340357013505,-1
1047807318333820928,2
1047807913899712513,2
1047808589186781184,3
1047811382580842497,2
1047811567146885120,-1
1047812754134978561,2
1047813068711854080,2
1047816604497530881,2
1047818743584309248,2
1047819414693789701,2
1047819955733852161,3
1047820463257178112,1
1047822975645483008,2
1047823109888385025,-1
1047824720467578880,2
1047826100427128833,0
1047829367785709570,-1
1047829564913635328,0
1047831389436088320,2
1047834480625549312,1
1047835843778564096,0
1047835864729104385,1
1047835919284363265,2
1047835982169604096,3
1047837194352820224,1
1047839731889950721,2
1047839744493797376,2
1047840692372946945,2
1047841187334434816,0
1047842810521575424,0
1047842969880076289,2
1047844886677020672,3
1047845612325154816,2
1047849827600613376,3
1047850309928869891,0
1047852612610084864,2
1047853354989375489,3
1047854059632431108,2
1047854386796421125,2
1047854885906128897,2
1047855666076033024,2
1047855699592601600,0
1047855963859030016,3
1047856458778337284,2
1047857691912282112,2
1047859122165542913,1
1047859235399327744,3
1047860946696384512,2
1047864528627806208,2
1047865510107500545,3
1047866327967268864,2
1047866994891083778,2
1047868337047449601,2
1047868504802832385,2
1047869343663411202,0
1047869423355404290,3
1047869779883638785,2
1047870346131431424,-1
1047870400661577729,-1
1047870652299071489,3
1047871109503143936,0
1047871579256844288,-1
1047872510371532801,3
1047873357646102530,-1
1047874867591303171,2
1047875157006737410,2
1047875165395275776,0
1047875425425219584,2
1047875534460473346,-1
1047875630929346560,2
1047875907787083776,1
1047876310414938113,0
1047877283514658823,0
1047878898300702721,2
1047878973794000904,2
1047879326128111616,3
1047879481329901570,0
1047880810890551296,2
1047881372935839744,2
1047882593469964294,2
1047882677372764160,2
1047884363487166464,0
1047884472526544896,1
1047884661261815808,-1
1047884921317019648,2
1047885193967755265,2
1047885298816962560,0
1047885353359740928,2
1047886980724416513,0
1047887559525912578,2
1047888117397671937,2
1047888444545011712,1
1047888767485452289,-1
1047889425991122944,2
1047891267328364544,-1
1047891615443013633,2
1047892424931069953,2
1047893305755926528,2
1047894815705378816,1
1047895298020794368,-1
1047896996718301184,2
1047897449723912192,1
1047897953044779017,2
1047898703816736769,2
1047898875774861312,2
1047899056121544705,0
1047899886589497345,-1
1047901543339581444,2
1047901786617643009,-1
1047902059272359936,-1
1047902570939932672,3
1047902591936614401,0
1047902885512507398,2
1047903179139112960,1
1047903225280643073,3
1047903531448061953,2
1047903753737830400,1
1047904600983064576,2
1047905737660280832,1
1047906308085542912,0
1047906907858452480,1
1047907209840136193,2
1047908023572738049,2
1047908644321353728,0
1047913220311117824,0
1047914252080742411,0
1047914268891537409,2
1047914625386381312,1
1047917859215724545,2
1047920077977391104,3
1047920845535039489,2
1047921898305204224,-1
1047923626354388992,2
1047924414908649475,1
1047924419098697728,3
1047924477819047937,3
1047927623546953729,-1
1047927870981656577,2
1047928663709245440,-1
1047930467255816198,2
1047932073682456576,1
1047933113882607618,2
1047935093606629377,-1
1047937274636324864,0
1047937937328013312,-1
1047938776193007618,1
1047939900278890496,2
1047939904469004288,-1
1047940005107302401,0
1047940076444012544,2
1047940076444012544,2
1047940109985878017,2
1047940516820799488,2
1047941557033361408,2
1047942819493625856,3
1047942999844552705,0
1047943159253106688,-1
1047943222155247616,-1
1047944350435405825,2
1047944996324892672,2
1047946359473655808,3
1047948175611318273,-1
1047949622675755011,0
1047949823989755906,1
1047950721566564354,1
1047952491579658240,3
1047952646756294656,-1
1047954014103658496,1
1047955247224639488,-1
1047956073481752582,1
1047956652320681984,2
1047957822519042049,-1
1047960209086398464,2
1047960548812312576,2
1047960787908796416,2
1047960909543555072,-1
1047964688603127809,2
1047965053507387393,-1
1047965791717609474,-1
1047966223710015488,3
1047967284856274950,2
1047968320874590210,3
1047969738545123328,0
1047970279593594887,-1
1047970627741765633,2
1047971919562194944,2
1047972074751516676,3
1047972183807602688,2
1047972771014352896,-1
1047972884277211136,1
1047973068822499328,0
1047973219804872706,2
1047973223990738944,3
1047976164206288897,2
1047976529131712513,0
1047977942586937344,0
1047979314136924160,1
1047979431560531968,-1
1047979519670456321,0
1047980551477649408,1
1047981805570338816,-1
1047982027839033347,2
1047982099142234112,-1
1047982887704961029,0
1047982967371550726,2
1047983051270238208,2
1047984733160845312,3
1047986226341371904,1
1047986779981303808,0
1047987170068320261,2
1047987618875621377,2
1047987824396570629,2
1047989128816680960,-1
1047990378710913024,0
1047991284663832577,2
1047991813146136576,0
1047992027072352256,2
1047993390204379138,0
1047993650255450114,1
1047993964828262411,2
1047993964828262411,2
1047994308765384706,0
1047994698835681281,-1
1047995747432583168,1
1047998654085324800,0
1048000323401515015,3
1048000637974327296,2
1048001598457360384,1
1048002005338185728,2
1048002038867447808,3
1048002521204051968,1
1048004001801879552,2
1048004136049004544,3
1048007390790967296,2
1048008200300244992,-1
1048010645579489283,2
1048010687535091713,1
1048011367003746304,-1
1048011652229001216,2
1048011769652948993,1
1048011954214895617,3
1048012931496075265,2
1048015334802907136,1
1048018639918698496,2
1048018933532438529,2
1048019797563269121,1
1048020250543894528,2
1048021689194500097,2
1048022712592076800,-1
1048025732516122624,1
1048025812174352385,0
1048026613298995200,1
1048029905848586242,-1
1048031147358343170,2
1048031717783531521,-1
1048034796394274816,0
1048034880288960514,1
1048034880288960514,1
1048035366811385856,0
1048037006792712192,0
1048037614975160320,3
1048038151825055744,2
1048039343032430593,2
1048039879890755584,1
1048042203531161600,1
1048042849449775104,2
1048047484164038657,1
1048049900091572224,2
1048051279988187137,1
1048053133874778113,0
1048053624616706049,1
1048053784021270528,1
1048055591749472256,0
1048055696623906818,1
1048056124413497344,0
1048056355133829120,1
1048056975857147905,0
1048059068827328512,1
1048059345634820097,1
1048060675254145024,1
1048060717193154561,1
1048061010802696192,0
1048062134846799873,1
1048062675920543745,2
1048063061809090561,0
1048064118752591872,-1
1048064303327322113,2
1048064559154679808,0
1048064978589310976,1
1048065117013921792,2
1048065385470341120,1
1048066098472660993,1
1048066794718732288,1
1048066849278255104,2
1048069047097675777,-1
1048073006499749888,3
1048074113808519168,1
1048075569206710272,2
1048075766372528128,-1
1048077293090955264,1
1048077590869598208,2
1048077699917344769,-1
1048077859305279488,2
1048078077404884992,-1
1048078790461730817,1
1048079771933069312,-1
1048081067960401920,1
1048081382507827200,1
1048082896685346816,1
1048082993141702656,0
1048083584525979648,1
1048084788316389377,2
1048086306641924097,0
1048090345760649216,1
1048099703236091905,1
1048104014980829184,0
1048104526698373121,2
1048104618968797184,-1
1048105424292069376,-1
1048105592047382529,-1
1048106053404188672,1
1048106602866327552,2
1048106820961587200,1
1048107236223016960,2
1048108234454654976,1
1048109043959697408,2
1048115339622592512,1
1048116203653386240,2
1048121652050055168,2
1048121983387488256,2
1048124223129112576,2
1048124659336658946,2
1048124940363476992,2
1048131768690257920,2
1048133832291962881,2
1048134402709094400,3
1048137288406982656,-1
1048141000378634240,-1
1048141826648104960,3
1048143642765004800,1
1048144527788269568,0
1048145630881878017,2
1048146742359855104,1
1048147291817697280,2
1048147845482795008,2
1048152002037989376,2
1048154912864030726,2
1048154921252675586,0
1048158096336412672,1
1048158276720975872,2
1048158385768738817,2
1048159719532183557,3
1048160923314266113,3
1048161250457407489,2
1048168435287543809,-1
1048169827834191872,2
1048170385638936576,1
1048172168226463744,0
1048179692837060608,2
1048180070295240709,0
1048181567661768705,3
1048183245379182593,1
1048184465925623808,2
1048185057347870720,2
1048185405449760768,2
1048187192240160769,0
1048188261787680769,0
1048188966414024705,0
1048189884958212097,-1
1048192741304414208,2
1048193076848742400,2
1048194360293175302,2
1048194511296454656,2
1048194767128068096,0
1048194964277157889,1
1048195647957032960,1
1048195853465341954,2
1048196163848065024,0
1048196772034744320,1
1048199347324821504,0
1048200274286989317,2
1048202862168141825,2
1048203340293791749,2
1048205240317739010,2
1048208180533235713,0
1048210835536039936,3
1048211779241828353,2
1048212433544904709,2
1048213192730599424,0
1048215168252039168,1
1048216535578431489,1
1048216653023129600,2
1048216703350595584,2
1048219903600349184,0
1048219920398352386,0
1048219958147211265,3
1048220843132837888,1
1048222332123303941,-1
1048222751549349888,2
1048223938550140929,-1
1048225997953355776,2
1048226312526151680,-1
1048226870351810560,2
1048227822471405568,1
1048228011202564096,3
1048228384495550464,-1
1048228912965279744,0
1048228996872331264,-1
1048230557153296387,2
1048230842336665600,1
1048230934615445504,2
1048231198856634372,1
1048231265969819649,2
1048233082120298497,0
1048233589614239745,0
1048233983895461889,2
1048234382337687553,1
1048234491419021312,1
1048235640645734400,0
1048235808421961728,2
1048238132062289920,1
1048238664738902017,1
1048240157890109440,2
1048241298749026305,0
1048241546225770497,-1
1048241718179581952,2
1048241982416584704,2
1048242796107378690,2
1048242821273083910,1
1048243119077183494,2
1048243156851023873,0
1048244478031679488,0
1048245111392559105,1
1048245195253460993,2
1048246168356941825,0
1048246709413990400,3
1048248106091859968,1
1048248223561916416,-1
1048248240318156805,-1
1048249431521447936,2
1048249624446849024,3
1048250685597405184,-1
1048250790471782400,-1
1048250916275671041,0
1048251218282176512,2
1048251260225253376,0
1048251516090568704,1
1048251633514291200,2
1048252052965486592,2
1048252682098622464,2
1048253621618597889,1
1048253843899731969,-1
1048253965551509505,2
1048255735551811586,0
1048255735551811586,0
1048256108840833026,0
1048256213694205952,1
1048256297588723713,1
1048256939317022721,3
1048257505548275712,1
1048257564268531714,0
1048257732049084418,1
1048258394757447681,2
1048260567377616896,2
1048260579981328384,2
1048260932311244800,3
1048261855041355776,3
1048262861661691904,3
1048263213996040192,1
1048264237418729472,-1
1048264237418729472,0
1048266263254843392,3
1048267978721124359,0
1048268427524235265,3
1048271216732241920,2
1048271296411459585,-1
1048272315648237568,-1
1048272823142240259,-1
1048273380997324800,1
1048273955587387392,-1
1048274106582556674,0
1048274211440091136,-1
1048275331340226561,2
1048276581247066113,2
1048277151680684032,1
1048277390743486464,1
1048277537535586305,-1
1048277600471146497,-1
1048277839513051138,2
1048277977962823680,2
1048278737094168576,2
1048278917449056256,2
1048279282382979073,3
1048279315933274115,0
1048279609521971200,-1
1048279949285761025,0
1048280230270578688,3
1048281203370053632,1
1048283501823512578,1
1048284550428807170,2
1048285104076992513,-1
1048285179545047040,-1
1048287297672597504,1
1048288891537567745,1
1048289419986264064,-1
1048291265517957120,-1
1048291793966702599,1
1048292116932251652,1
1048293006120554496,2
1048295203944128512,-1
1048296709699194880,0
1048297200428695553,-1
1048297640843247616,3
1048297766655483904,1
1048299012368031745,2
1048300727842603008,-1
1048300828501708801,0
1048301222766268417,3
1048301789005709313,-1
1048301902264500224,-1
1048302959199752192,1
1048303290587463680,0
1048305471587794951,1
1048307346445938689,1
1048308499913080832,2
1048308671846002694,-1
1048308973860999168,1
1048309284239495171,1
1048309829494874112,0
1048310110492053505,1
1048310357956206592,-1
1048310454437797889,0
1048310802581741569,2
1048311968564740101,2
1048312107014471680,0
1048313214289829888,1
1048314564864081920,3
1048315311446003714,3
1048315504379740160,1
1048315911223042048,1
1048315957360439296,0
1048317094016798721,2
1048317538617049088,3
1048317861561868294,1
1048321003099770884,2
1048323121256718336,1
1048326220822302720,1
1048326262756925440,2
1048327151962017795,2
1048328334764068865,3
1048328410265673734,2
1048329056184426497,1
1048329358174121984,1
1048331220449419271,1
1048331367245930499,1
1048332029949960193,3
1048332088653611009,-1
1048333908977356800,2
1048334156449677314,2
1048334169053548544,0
1048336442341044225,1
1048337482549514241,2
1048337503512670209,-1
1048338061359235072,2
1048339500001370112,1
1048339508389920768,1
1048340171068923904,2
1048340426946699270,-1
1048343149037441024,1
1048343199364915200,-1
1048344013047312384,1
1048347007818117120,2
1048347704059994112,2
1048348618422345728,1
1048348891047837696,1
1048349885085487104,1
1048352850462629889,-1
1048353253111595009,1
1048355065055129600,2
1048356537247420417,2
1048357237700349952,2
1048358181406199808,-1
1048358407919480832,0
1048359418763661313,2
1048359641040613376,1
1048360182101823488,2
1048360383445123073,2
1048362224740327424,2
1048362262472392706,3
1048364254770987009,2
1048364586116833280,1
1048365479507755016,-1
1048367740254408704,1
1048367882848129024,2
1048372249131020288,-1
1048373838755463168,3
1048375042512445441,2
1048375701022302208,2
1048376338564956160,2
1048376426636791809,1
1048376833488687104,-1
1048377827525947392,0
1048378087573004289,1
1048379224250302465,1
1048381136857190400,2
1048381388515360768,1
1048383699551629312,2
1048384332899999746,3
1048385482139287552,3
1048385972893880320,-1
1048386304231137280,2
1048388304922730497,1
1048391266109743104,1
1048391534511640577,2
1048392574707408896,0
1048393556170350592,1
1048394764125655040,1
1048395573659938817,1
1048396257297948673,1
1048396387338129418,-1
1048396496389984256,0
1048397373003747328,2
1048398887126331393,-1
1048400271263633408,2
1048400493578346496,0
1048402129344376832,2
1048404620744253440,2
1048404805322850304,2
1048409800739082240,0
1048410425682006016,-1
1048410505365377024,2
1048410677352833026,-1
1048411088356868096,2
1048411784636510210,0
1048412061464576001,2
1048417908320231424,2
1048418369693736961,-1
1048418487134248961,3
1048419439241134080,-1
1048422354286776321,1
1048426213025304577,1
1048426364020379648,-1
1048427018357026822,2
1048428050139045889,-1
1048430503823429633,2
1048430650607513600,2
1048431963412029440,2
1048436564588736512,2
1048437667669598209,1
1048438313617506305,1
1048438384891445248,2
1048439286679273473,-1
1048440452687384576,1
1048440519825584128,2
1048441505483018240,-1
1048442814105903104,-1
1048446869964292101,2
1048447406839230465,0
1048449860503003136,0
1048450850379784192,3
1048452364536086533,-1
1048462162400698370,2
1048462359554134016,3
1048462858655338496,-1
1048464054036000769,1
1048465333319819264,1
1048467078133506053,3
1048467786983329792,1
1048469447940493312,1
1048471125645283328,0
1048471658300887040,3
1048471960311812096,2
1048472077743747072,3
1048472287484080128,2
1048472883071279104,0
1048473159899521024,0
1048475416426627072,2
1048477651998932992,-1
1048478230792081408,3
1048479300335403008,3
1048481699498266625,2
1048484207687880704,-1
1048489081443954688,1
1048489471539367936,2
1048490968897343490,-1
1048494307554910209,2
1048494731188219905,1
1048494974441066496,1
1048495360316854272,-1
1048495742002913280,0
1048495809103376385,2
1048496761235496962,0
1048498057254506496,2
1048501064578867201,3
1048505414093066240,-1
1048505573464068096,2
1048505669924544512,2
1048506764646338560,-1
1048506890492280832,0
1048509667108827136,2
1048510124296474624,1
1048514314372493314,2
1048516268939255808,3
1048517057447436288,3
1048517292341043201,2
1048521155315822593,2
1048521511802494976,2
1048521817999036417,2
1048523411855740928,2
1048525160842706944,3
1048527958481293314,1
1048530852534206464,0
1048533197133422592,-1
1048534820354248704,0
1048535319476404224,2
1048538175772262400,3
1048538591004151808,2
1048538771384295424,2
1048541627680215040,0
1048542391047737344,2
1048546010740531201,-1
1048546597959884800,2
1048546841204334592,0
1048549726918828032,2
1048551564011614208,0
1048555158542725121,0
1048558287464140800,3
1048560632071565317,2
1048561416406482944,-1
1048561470966042626,1
1048562548881215488,-1
1048563748447965184,1
1048564574750797826,2
1048564910270164993,0
1048566659303104512,2
1048567942772924416,2
1048568123123781632,2
1048568160876732416,2
1048569662429126656,2
1048570820057026560,0
1048571575031672833,3
1048571637937786882,2
1048571935720972289,-1
1048572195780222978,2
1048572430648848385,1
1048575886784520193,-1
1048577103116034048,3
1048578466277412864,3
1048581742041423878,-1
1048582513764040706,1
1048582643779080192,-1
1048583646221950976,-1
1048584321530023936,1
1048585005205786630,1
1048585516914884608,2
1048586016024666112,1
1048587333048655873,-1
1048588918487052289,1
1048589274998890498,1
1048590122256482306,0
1048592823359037443,-1
1048593104377450496,0
1048596359161565184,0
1048597193823678465,2
1048597307099250689,1
1048598661859618817,2
1048599110654283776,-1
1048600842889248768,3
1048602260576645120,2
1048604349335789568,0
1048604496119644160,0
1048607587334275073,2
1048608413591261184,2
1048608581371813888,0
1048608824641429504,2
1048608992434565120,1
1048611911670140928,-1
1048614226913374213,1
1048615539734507520,3
1048616076576284672,-1
1048616345036886018,2
1048616806406021120,1
1048617125169061890,-1
1048617267775381504,-1
1048618517686304770,0
1048620040214306816,0
1048620266723692545,-1
1048620430267826177,1
1048622611322814465,-1
1048624339359338496,2
1048624494552567808,2
1048627644483493888,2
1048627770312540160,2
1048628521105596416,2
1048629708089384960,2
1048630198797787137,1
1048630874105761792,-1
1048631708772229120,1
1048632388249706499,-1
1048635118733197313,2
1048636796454801409,3
1048636809054441474,2
1048637383657369602,2
1048637543057580033,-1
1048638058952683520,0
1048638432233316352,3
1048638629365596161,3
1048638818113343488,0
1048639384327802880,-1
1048639757629235200,-1
1048640030246363138,3
1048640365819965440,1
1048642198718353413,-1
1048642240682369024,1
1048642404260040704,0
1048642601392459779,0
1048643830311002113,0
1048644555917090817,2
1048644836922970112,0
1048645629654814720,1
1048645990364995585,1
1048646325896503297,-1
1048646430779494402,1
1048646732765003776,0
1048648699906351104,0
1048649425512534016,0
1048650251769466882,2
1048651908536324097,3
1048653472990711808,2
1048653728851660800,2
1048654307657011200,-1
1048655452727382017,2
1048655817610878977,-1
1048660011931422720,2
1048660410382147584,-1
1048663627429863424,2
1048663950378897410,-1
1048664428516761601,2
1048664948623081474,2
1048665351289036801,-1
1048665384818069505,0
1048669650446422016,3
1048671374317895680,0
1048672770991820809,0
1048673278523527170,2
1048674129954689025,2
1048675862185488384,0
1048675988027179008,2
1048676034185494528,0
1048677162432135168,1
1048678672385937409,3
1048679762917576708,0
1048680849225465858,2
1048681121863671811,2
1048681155413889025,0
1048681545505132545,-1
1048681813923704832,-1
1048683030259412992,2
1048683973969416192,0
1048685085493481472,2
1048685576201883648,-1
1048685962069467136,2
1048686771586752512,-1
1048687266527236096,2
1048688147314495488,3
1048689049106612224,0
1048692551333675008,1
1048694661064392704,2
1048695638349795330,-1
1048695718054121474,2
1048695873226661889,1
1048696854693781507,1
1048697253144285185,2
1048697626449907713,2
1048697672595456000,-1
1048697978750468097,2
1048698008144105474,1
1048698146539241472,-1
1048698532436348929,0
1048699954271805440,-1
1048701522958270465,2
1048701594274074626,1
1048702269561028608,2
1048703246821416961,0
1048703964039073794,2
1048704681285840896,1
1048706245748838400,-1
1048707797649707008,0
1048708720383774720,0
1048708741338738688,0
1048708871391510528,1
1048709727016931329,2
1048710100301565952,-1
1048710779783057408,2
1048710855288901632,2
1048711094368456706,2
1048713053104164865,1
1048713212475191297,2
1048714735007543298,-1
1048714936355119104,0
1048715074733580293,1
1048715867461246983,1
1048719629760258048,0
1048719910770073600,0
1048720342808580096,3
1048720749664432128,0
1048722381223710721,0
1048722498668429312,2
1048723731789619200,1
1048724591647121408,3
1048724914574958594,2
1048725761824382976,0
1048726248371892225,2
1048727896745885696,1
1048729029182988300,1
1048731285743521792,-1
1048732070086959108,1
1048732489517322240,1
1048734012028739585,2
1048734452455809025,1
1048735459088773120,2
1048735954004004864,-1
1048738713851899904,2
1048739384948875265,3
1048739426875191297,1
1048739510773800960,2
1048740907476955136,2
1048741402383994880,2
1048741578565738496,1
1048741607921446912,0
1048742413211242496,0
1048742467758170114,2
1048743264650711041,2
1048744661353947138,1
1048745189873868802,2
1048746120971571202,2
1048749262517886979,2
1048749757441531904,2
1048752496339025920,2
1048754580920647680,0
1048756128585338881,3
1048757298812919810,1
1048759949591896066,-1
1048760679405158402,-1
1048761883199791104,1
1048762101270028288,-1
1048763049190903809,-1
1048764475271254016,0
1048766056519663616,0
1048766614353661952,1
1048766631122542592,-1
1048767784585326592,0
1048768136894275584,0
1048768220793131009,2
1048769441310236672,0
1048770473138565120,-1
1048770607356076032,3
1048771114850246656,3
1048771509114851329,0
1048772540926029824,0
1048773644003020800,2
1048774784853729280,0
1048775212668338179,0
1048775254611509250,0
1048775875402059777,0
1048776731010760710,-1
1048776814892650496,0
1048777544709939200,0
1048779742525018113,2
1048783643223764995,0
1048784616306475009,1
1048785048307208197,-1
1048786684089978880,0
1048786856089927680,3
1048787015469342720,1
1048787531372933125,2
1048789116794466304,2
1048790454802763777,1
1048791071327629312,-1
1048792157656666113,2
1048792879093751808,-1
1048795148203773952,0
1048795286615670784,0
1048795882194456576,2
1048798067439407104,2
1048798314894950400,2
1048799371888943104,-1
1048800386893664256,0
1048801926224248832,0
1048802672810311680,1
1048803276760764416,2
1048803641681801216,2
1048804803495809025,0
1048805684286959616,-1
1048806976136908800,2
1048807303305203713,0
1048807718528712710,2
1048810314815422464,2
1048811422115721216,-1
1048812726519259136,1
1048813066295672833,1
1048813615711768576,1
1048814827869786112,1
1048824420238680064,0
1048824562853564416,2
1048825640806363138,1
1048825997301309440,2
1048826223814725632,0
1048826920077541376,2
1048827196889079809,1
1048827410794217473,0
1048827847014584320,1
1048830321653940224,0
1048830866913447936,0
1048831764477689856,2
1048832439781658625,1
1048833211504054272,2
1048833358317252609,2
1048833530267095040,2
1048833542875168768,2
1048835736491835398,-1
1048836676007735296,3
1048838974482108418,-1
1048839855306760194,1
1048840190821896197,-1
1048840518015246336,2
1048842753550028800,1
1048843202332184577,2
1048843860846235648,2
1048844016052310016,-1
1048848575264935936,2
1048849225373667328,1
1048852475959234560,0
1048852719224725509,1
1048853503555321857,2
1048854094969020416,0
1048854262711816192,1
1048854841555124225,1
1048854887700856832,0
1048860264798539776,0
1048860839413874688,2
1048863595075981317,2
1048865033718042624,0
1048868171023835137,3
1048868548536225792,2
1048869811030306817,2
1048870188488089600,3
1048870779893366786,0
1048873355187695617,2
1048874647033434112,2
1048875745945313281,-1
1048875955685453824,0
1048877381753233408,0
1048880678471966722,2
1048881789941342208,2
1048882528134807553,0
1048883203409371136,2
1048883203438784512,1
1048884356847194113,2
1048889511676207106,3
1048892644821061632,1
1048894855198388225,1
1048898596509306880,0
1048899460535869441,1
1048899863201681408,1
1048900010002276362,2
1048905349355458560,2
1048905697474334724,0
1048907006122360832,-1
1048907261945344005,0
1048907983365840896,-1
1048908599957762050,2
1048909862405648385,2
1048910101497696257,-1
1048910478993440769,2
1048910512560529409,-1
1048912555178184704,0
1048913062697345024,2
1048913473701404675,2
1048918179744030720,-1
1048923280000913409,0
1048923321960747008,2
1048923439367503873,0
1048923791693426690,-1
1048923993053519872,2
1048927172315009024,-1
1048927306532737025,2
1048927830837538816,2
1048928334153805825,0
1048929030404276224,0
1048929240110968832,-1
1048930808776613890,0
1048931014314287104,-1
1048931853141508098,0
1048932230666637312,2
1048932419389337600,2
1048936026507550721,0
1048938215930048513,2
1048939696489988096,2
1048939868464672770,3
1048940950599467008,2
1048941000947728390,0
1048941076420149249,2
1048941135136051201,0
1048942154368929798,0
1048942578010394624,0
1048945224582615042,2
1048945916659585025,0
1048946470320320512,2
1048948563277991936,2
1048949150476374016,3
1048949502793715712,2
1048950450689638400,2
1048950622656114688,2
1048950945621716993,2
1048951679624724486,2
1048952153572696064,-1
1048953101502361600,2
1048953307040022528,-1
1048955504851148801,1
1048956029147467776,2
1048957316794605570,2
1048957417445359616,2
1048958235322064898,2
1048958688298487815,-1
1048958877050396672,2
1048958939985895425,2
1048959124514508800,0
1048959720122400774,1
1048960236034248704,1
1048960751908487170,-1
1048962022774333440,-1
1048963096549773318,1
1048963885066141696,-1
1048964094781480961,0
1048965021710082048,3
1048965864769445888,0
1048965910898327557,3
1048967861274902529,2
1048967924193476609,1
1048968079344992258,-1
1048971610965729281,1
1048972097496731650,0
1048973410305560576,0
1048973775235162112,0
1048974056228368384,2
1048974320503062529,0
1048975092242427910,0
1048975486498603008,2
1048975985624977408,3
1048976040150945797,0
1048977801741832193,3
1048979508840124416,-1
1048979794040221696,2
1048980033119965184,2
1048980951701905415,1
1048981689886789632,0
1048982000240013312,0
1048982054795448320,3
1048982910420885504,2
1048982927210688512,2
1048983191430815744,2
1048984017725534209,3
1048985351518412802,1
1048986928572522496,1
1048987251542245376,3
1048988082006118401,2
1048988337837678593,1
1048989550024871938,3
1048991617804169216,2
1048993610073612289,3
1048993731716767745,0
1048993970796339200,-1
1048994469931040768,2
1048996474820820992,2
1048998223828930561,2
1049001755411771392,0
1049002955003899904,3
1049004515301752832,2
1049006146856480768,2
1049006239135481861,0
1049006696322846720,0
1049006876690591745,2
1049008759916441601,0
1049008843789877248,2
1049008847988244480,-1
1049008885745348608,-1
1049009481340735488,0
1049010647336288256,2
1049011083548213254,0
1049011293275996160,0
1049011482040705024,2
1049011482040717314,3
1049012840986816512,0
1049012912281571329,-1
1049013872760442882,1
1049014397077786624,3
1049014615160578048,1
1049014678062620672,0
1049015147824652288,0
1049015407871447040,0
1049015986723147776,0
1049016800401416192,2
1049019350550806533,2
1049019753191407617,0
1049020034209611777,0
1049020327806861314,1
1049021418308956160,0
1049021724501704705,-1
1049021737097031680,2
1049022097790578689,1
1049022584346435584,0
1049022865369190400,2
1049023255443660800,0
1049023398053990400,0
1049024429857148928,2
1049024631175307265,2
1049024681477636097,0
1049024723433218049,2
1049024891213762562,2
1049024912185331714,1
1049024912185339904,0
1049024933165248512,-1
1049025113499295745,2
1049025121917329409,2
1049025377765662722,0
1049025482606481409,2
1049025700705923072,1
1049026145306513411,2
1049027076437762049,2
1049027076437762049,2
1049027458136080384,-1
1049028418623426560,0
1049030230558404608,2
1049030528354177024,0
1049030817761124353,0
1049031132317175808,0
1049031220414361600,0
1049031606277734402,1
1049032533252493312,0
1049033166571425795,0
1049033862842646528,3
1049034378725249024,0
1049035897058942976,2
1049036207458590720,0
1049036408776744961,-1
1049037075683708931,1
1049039046985437184,0
1049039244122103809,-1
1049039726483664896,1
1049040129136852992,0
1049041269970726913,-1
1049042138183454723,0
1049042201106214913,2
1049043610371481600,0
1049044218558210048,2
1049044344383180800,2
1049045703341891585,-1
1049046391207673857,-1
1049046647060271104,2
1049047527876689920,-1
1049047922132668417,-1
1049048379295059968,0
1049049385953382400,2
1049049478207086595,0
1049049792809263104,2
1049049851504353280,2
1049050832984059904,0
1049051323726024706,1
1049052489734139904,0
1049053034993606656,1
1049053165021057024,2
1049055044048445445,0
1049055916472061952,2
1049056361080901635,0
1049057682278297601,0
1049060014298554368,2
1049060387599966208,-1
1049060500850524161,2
1049062153418887168,0
1049062312781463555,2
1049062925162491907,-1
1049063055185911808,2
1049063382324670464,2
1049064045054111744,2
1049064619677904897,2
1049064867120873473,-1
1049065026508742656,0
1049065387201978369,2
1049065550796771328,1
1049065550796771328,1
1049066322531962881,-1
1049068008658927617,0
1049069220804382720,2
1049069250156134401,0
1049069258561507328,2
1049069451495260160,2
1049070361676075009,1
1049071141804023808,0
1049072903394869249,0
1049072928577540096,3
1049073448654229504,0
1049073931011932161,2
1049076254677393408,0
1049076883818725376,0
1049077617809182720,2
1049078293096484865,2
1049079295514238977,0
1049079400375828480,2
1049080801281921025,0
1049080922908311552,-1
1049081312982831104,-1
1049081963087323136,0
1049082692908642304,0
1049082734851891201,0
1049083053623132161,0
1049084081215066113,0
1049084555179778058,2
1049084693612834816,2
1049085062703173633,-1
1049085532444270593,0
1049086471993483270,2
1049086572665159681,2
1049086652319186945,1
1049086656517529601,0
1049087319226179586,1
1049087524759654400,2
1049088246154768384,0
1049088405563478016,-1
1049089114396614657,0
1049089219254243328,0
1049090058110865409,-1
1049091769391108096,2
1049091874261274624,2
1049092646017388544,0
1049092834760900608,2
1049093505841291265,2
1049093568747515904,0
1049095300982460417,1
1049095342942081024,3
1049096211158818816,2
1049097016465403904,2
1049097104533192704,3
1049098077640900609,0
1049098903906181120,-1
1049099348511006721,12
1049099390454026240,2
1049100241872584705,2
1049100371891822594,2
1049100459993182208,1
1049101118511484928,2
1049104121599590400,0
1049104675260325888,2
1049104717215948801,0
1049105384106065920,-1
1049106764032106497,-1
1049107095377797121,2
1049109205116997632,1
1049109297370726401,3
1049110132066607105,2
1049110777968447488,1
1049111419684237312,-1
1049113219065925632,0
1049113223260241926,3
1049113638483648512,1
1049114657695432704,2
1049114880006152197,0
1049114989062238208,3
1049115228129189888,2
1049116356401143813,-1
1049116377376804865,2
1049118516471894016,2
1049118596142714880,2
1049120169036054528,2
1049120454227587072,0
1049120798147936256,0
1049121028843089920,0
1049121322444443648,2
1049121599272546304,0
1049121624451162113,3
1049122018711539714,0
1049122853390434305,0
1049123318937182208,0
1049125214762754049,0
1049125248334004229,0
1049125760030662656,0
1049126196246532097,0
1049126208812679168,0
1049127555171844096,2
1049127592949940224,0
1049127970445701120,0
1049128977049292800,2
1049129232897646593,0
1049129262282932224,0
1049129354536673280,0
1049130315023667200,0
1049130377938436096,-1
1049130864490176513,0
1049132147964071938,0
1049133712430923777,0
1049133825660469251,-1
1049134182209925120,0
1049135776045391872,0
1049135960565448706,0
1049136744929656834,0
1049138028348731392,0
1049138150017290240,0
1049138217100832768,0
1049138569447690240,0
1049139756439822336,0
1049139760600682496,3
1049141530609569793,-1
1049142256228339713,0
1049142805661011968,2
1049142881162805248,3
1049142998603259904,0
1049143023769190400,-1
1049143183152766976,2
1049144164649246721,2
1049144240125726720,-1
1049144378562732032,0
1049144563112325122,1
1049145687181578241,0
1049146307942727681,0
1049146601527078912,0
1049148547675766785,0
1049149181040848897,0
1049149659153874944,0
1049150258964570112,0
1049150711928373248,0
1049150934238937088,0
1049151890540384257,1
1049155833198723072,1
1049156353300811781,0
1049156751730212865,0
1049157301205127170,-1
1049158777591582721,0
1049159125727207424,0
1049159155091742721,-1
1049159750649335808,1
1049160719554494465,1
1049161252222787585,0
1049162128832258050,0
1049162216929480704,-1
1049162690856452098,0
1049163190007943170,-1
1049163806553698305,2
1049164662179151872,1
1049164951624069120,-1
1049165035476541441,0
1049166293767618560,0
1049167178795307008,0
1049167698859642882,2
1049167971489202176,0
1049168214758838272,-1
1049169129121312768,0
1049169754072784902,2
1049169938617839621,2
1049170261612871680,2
1049170416764444674,2
1049171142387191808,0
1049172157404798976,3
1049172279052185600,0
1049173285685157889,3
1049173528946397185,0
1049174707545628672,0
1049174783038877696,0
id,label